Timestamp,F3 Value,F3 Quality,FC5 Value,FC5 Quality,F7 Value,F7 Quality,T7 Value,T7 Quality,P7 Value,P7 Quality,O1 Value,O1 Quality,O2 Value,O2 Quality,P8 Value,P8 Quality,T8 Value,T8 Quality,F8 Value,F8 Quality,AF4 Value,AF4 Quality,FC6 Value,FC6 Quality,F4 Value,F4 Quality,AF3 Value,AF3 Quality,X Value,Y Value,Z Value
2018-06-05 19:32:27.357786,4103.870967741936,0,4111.935483870968,0,4111.612903225807,0,4115.806451612903,0,4128.709677419355,0,4123.548387096775,0,4091.2903225806454,0,4120.967741935484,0,4136.129032258064,0,4129.677419354839,0,4145.806451612903,0,4160.645161290323,0,4410.0,0,4165.806451612903,0,0,0,?
2018-06-05 19:32:27.373786,4103.870967741936,0,4111.935483870968,0,4111.612903225807,0,4115.806451612903,0,4128.709677419355,0,4123.548387096775,0,4091.2903225806454,0,4120.967741935484,0,4136.129032258064,0,4129.677419354839,0,4145.806451612903,0,4160.645161290323,0,4410.0,0,4165.806451612903,0,0,0,?
2018-06-05 19:32:27.389786,4103.870967741936,0,4111.935483870968,0,4111.612903225807,0,4115.806451612903,0,4128.709677419355,0,4123.548387096775,0,4091.2903225806454,0,4120.967741935484,0,4136.129032258064,0,4129.677419354839,0,4145.806451612903,0,4160.645161290323,0,4410.0,0,4165.806451612903,0,0,0,?
2018-06-05 19:32:27.390786,4103.870967741936,0,4111.935483870968,0,4111.612903225807,0,4115.806451612903,0,4128.709677419355,0,4123.548387096775,0,4091.2903225806454,0,4120.967741935484,0,4136.129032258064,0,4129.677419354839,0,4145.806451612903,0,4160.645161290323,0,4410.0,0,4165.806451612903,0,0,0,?
2018-06-05 19:32:27.390786,4103.870967741936,0,4111.935483870968,0,4111.612903225807,0,4115.806451612903,0,4128.709677419355,0,4123.548387096775,0,4091.2903225806454,0,4120.967741935484,0,4136.129032258064,0,4129.677419354839,0,4145.806451612903,0,4160.645161290323,0,4410.0,0,4165.806451612903,0,0,0,?
2018-06-05 19:32:27.390786,4103.870967741936,0,4111.935483870968,0,4111.612903225807,0,4115.806451612903,0,4128.709677419355,0,4123.548387096775,0,4091.2903225806454,0,4120.967741935484,0,4136.129032258064,0,4129.677419354839,0,4145.806451612903,0,4160.645161290323,0,4410.0,0,4165.806451612903,0,0,0,?
2018-06-05 19:32:27.390786,4103.870967741936,0,4111.935483870968,0,4111.612903225807,0,4115.806451612903,0,4128.709677419355,0,4123.548387096775,0,4091.2903225806454,0,4120.967741935484,0,4136.129032258064,0,4129.677419354839,0,4145.806451612903,0,4160.645161290323,0,4410.0,0,4165.806451612903,0,0,0,?
2018-06-05 19:32:27.391786,4103.870967741936,0,4111.935483870968,0,4111.612903225807,0,4115.806451612903,0,4128.709677419355,0,4123.548387096775,0,4091.2903225806454,0,4120.967741935484,0,4136.129032258064,0,4129.677419354839,0,4145.806451612903,0,4160.645161290323,0,4410.0,0,4165.806451612903,0,0,0,?
2018-06-05 19:32:27.391786,4103.870967741936,0,4111.935483870968,0,4111.612903225807,0,4115.806451612903,0,4128.709677419355,0,4123.548387096775,0,4091.2903225806454,0,4120.967741935484,0,4136.129032258064,0,4129.677419354839,0,4145.806451612903,0,4160.645161290323,0,4410.0,0,4165.806451612903,0,0,0,?
2018-06-05 19:32:27.391786,4103.870967741936,0,4111.935483870968,0,4111.612903225807,0,4115.806451612903,0,4128.709677419355,0,4123.548387096775,0,4091.2903225806454,0,4120.967741935484,0,4136.129032258064,0,4129.677419354839,0,4145.806451612903,0,4160.645161290323,0,4410.0,0,4165.806451612903,0,0,0,?
2018-06-05 19:32:27.392786,4103.870967741936,0,4111.935483870968,0,4111.612903225807,0,4115.806451612903,0,4128.709677419355,0,4123.548387096775,0,4091.2903225806454,0,4120.967741935484,0,4136.129032258064,0,4129.677419354839,0,4145.806451612903,0,4160.645161290323,0,4410.0,0,4165.806451612903,0,0,0,?
2018-06-05 19:32:27.392786,4103.870967741936,0,4111.935483870968,0,4111.612903225807,0,4115.806451612903,0,4128.709677419355,0,4123.548387096775,0,4091.2903225806454,0,4120.967741935484,0,4136.129032258064,0,4129.677419354839,0,4145.806451612903,0,4160.645161290323,0,4410.0,0,4165.806451612903,0,0,0,?
2018-06-05 19:32:27.403786,4103.870967741936,0,4111.935483870968,0,4111.612903225807,0,4115.806451612903,0,4128.709677419355,0,4123.548387096775,0,4091.2903225806454,0,4120.967741935484,0,4136.129032258064,0,4129.677419354839,0,4145.806451612903,0,4160.645161290323,0,4410.0,0,4165.806451612903,0,0,0,?
2018-06-05 19:32:27.418786,4103.870967741936,0,4111.935483870968,0,4111.612903225807,0,4115.806451612903,0,4128.709677419355,0,4123.548387096775,0,4091.2903225806454,0,4120.967741935484,0,4136.129032258064,0,4129.677419354839,0,4145.806451612903,0,4160.645161290323,0,4410.0,0,4165.806451612903,0,0,0,?
2018-06-05 19:32:27.418786,4103.870967741936,0,4111.935483870968,0,4111.612903225807,0,4115.806451612903,0,4128.709677419355,0,4123.548387096775,0,4091.2903225806454,0,4120.967741935484,0,4136.129032258064,0,4129.677419354839,0,4145.806451612903,0,4160.645161290323,0,4410.0,0,4165.806451612903,0,0,0,?
2018-06-05 19:32:27.429786,4103.870967741936,0,4111.935483870968,0,4111.612903225807,0,4115.806451612903,0,4128.709677419355,0,4123.548387096775,0,4091.2903225806454,0,4120.967741935484,0,4136.129032258064,0,4129.677419354839,0,4145.806451612903,0,4160.645161290323,0,4410.0,0,4165.806451612903,0,0,0,?
2018-06-05 19:32:27.435786,4103.870967741936,0,4111.935483870968,0,4111.612903225807,0,4115.806451612903,0,4128.709677419355,0,4123.548387096775,0,4091.2903225806454,0,4120.967741935484,0,4136.129032258064,0,4129.677419354839,0,4145.806451612903,0,4160.645161290323,0,4410.0,0,4165.806451612903,0,0,0,?
2018-06-05 19:32:27.462786,4103.870967741936,0,4111.935483870968,0,4111.612903225807,0,4115.806451612903,0,4128.709677419355,0,4123.548387096775,0,4091.2903225806454,0,4120.967741935484,0,4136.129032258064,0,4129.677419354839,0,4145.806451612903,0,4160.645161290323,0,4410.0,0,4165.806451612903,0,0,0,?
2018-06-05 19:32:27.462786,4103.870967741936,0,4111.935483870968,0,4111.612903225807,0,4115.806451612903,0,4128.709677419355,0,4123.548387096775,0,4091.2903225806454,0,4120.967741935484,0,4136.129032258064,0,4129.677419354839,0,4145.806451612903,0,4160.645161290323,0,4410.0,0,4165.806451612903,0,0,0,?
2018-06-05 19:32:27.462786,4103.870967741936,0,4111.935483870968,0,4111.612903225807,0,4115.806451612903,0,4128.709677419355,0,4123.548387096775,0,4091.2903225806454,0,4120.967741935484,0,4136.129032258064,0,4129.677419354839,0,4145.806451612903,0,4160.645161290323,0,4410.0,0,4165.806451612903,0,0,0,?
2018-06-05 19:32:27.462786,4103.870967741936,0,4111.935483870968,0,4111.612903225807,0,4115.806451612903,0,4128.709677419355,0,4123.548387096775,0,4091.2903225806454,0,4120.967741935484,0,4136.129032258064,0,4129.677419354839,0,4145.806451612903,0,4160.645161290323,0,4410.0,0,4165.806451612903,0,0,0,?
2018-06-05 19:32:27.478786,4103.870967741936,0,4111.935483870968,0,4111.612903225807,0,4115.806451612903,0,4128.709677419355,0,4123.548387096775,0,4091.2903225806454,0,4120.967741935484,0,4136.129032258064,0,4129.677419354839,0,4145.806451612903,0,4160.645161290323,0,4410.0,0,4165.806451612903,0,0,0,?
2018-06-05 19:32:27.478786,4103.870967741936,0,4111.935483870968,0,4111.612903225807,0,4115.806451612903,0,4128.709677419355,0,4123.548387096775,0,4091.2903225806454,0,4120.967741935484,0,4136.129032258064,0,4129.677419354839,0,4145.806451612903,0,4160.645161290323,0,4410.0,0,4165.806451612903,0,0,0,?
2018-06-05 19:32:27.509786,4103.870967741936,0,4111.935483870968,0,4111.612903225807,0,4115.806451612903,0,4128.709677419355,0,4123.548387096775,0,4091.2903225806454,0,4120.967741935484,0,4136.129032258064,0,4129.677419354839,0,4145.806451612903,0,4160.645161290323,0,4410.0,0,4165.806451612903,0,0,0,?
2018-06-05 19:32:27.529786,4103.870967741936,0,4111.935483870968,0,4111.612903225807,0,4115.806451612903,0,4128.709677419355,0,4123.548387096775,0,4091.2903225806454,0,4120.967741935484,0,4136.129032258064,0,4129.677419354839,0,4145.806451612903,0,4160.645161290323,0,4410.0,0,4165.806451612903,0,0,0,?
2018-06-05 19:32:27.529786,4103.870967741936,0,4111.935483870968,0,4111.612903225807,0,4115.806451612903,0,4128.709677419355,0,4123.548387096775,0,4091.2903225806454,0,4120.967741935484,0,4136.129032258064,0,4129.677419354839,0,4145.806451612903,0,4160.645161290323,0,4410.0,0,4165.806451612903,0,0,0,?
2018-06-05 19:32:27.529786,4103.870967741936,0,4111.935483870968,0,4111.612903225807,0,4115.806451612903,0,4128.709677419355,0,4123.548387096775,0,4091.2903225806454,0,4120.967741935484,0,4136.129032258064,0,4129.677419354839,0,4145.806451612903,0,4160.645161290323,0,4410.0,0,4165.806451612903,0,0,0,?
2018-06-05 19:32:27.529786,4103.870967741936,0,4111.935483870968,0,4111.612903225807,0,4115.806451612903,0,4128.709677419355,0,4123.548387096775,0,4091.2903225806454,0,4120.967741935484,0,4136.129032258064,0,4129.677419354839,0,4145.806451612903,0,4160.645161290323,0,4410.0,0,4165.806451612903,0,0,0,?
2018-06-05 19:32:27.529786,4103.870967741936,0,4111.935483870968,0,4111.612903225807,0,4115.806451612903,0,4128.709677419355,0,4123.548387096775,0,4091.2903225806454,0,4120.967741935484,0,4136.129032258064,0,4129.677419354839,0,4145.806451612903,0,4160.645161290323,0,4410.0,0,4165.806451612903,0,0,0,?
2018-06-05 19:32:27.535786,4103.870967741936,0,4111.935483870968,0,4111.612903225807,0,4115.806451612903,0,4128.709677419355,0,4123.548387096775,0,4091.2903225806454,0,4120.967741935484,0,4136.129032258064,0,4129.677419354839,0,4145.806451612903,0,4160.645161290323,0,4410.0,0,4165.806451612903,0,0,0,?
2018-06-05 19:32:27.551786,4103.870967741936,0,4111.935483870968,0,4111.612903225807,0,4115.806451612903,0,4128.709677419355,0,4123.548387096775,0,4091.2903225806454,0,4120.967741935484,0,4136.129032258064,0,4129.677419354839,0,4145.806451612903,0,4160.645161290323,0,4410.0,0,4165.806451612903,0,0,0,?
2018-06-05 19:32:27.572786,4103.870967741936,0,4111.935483870968,0,4111.612903225807,0,4115.806451612903,0,4128.709677419355,0,4123.548387096775,0,4091.2903225806454,0,4120.967741935484,0,4136.129032258064,0,4129.677419354839,0,4145.806451612903,0,4160.645161290323,0,4410.0,0,4165.806451612903,0,0,0,?
2018-06-05 19:32:27.572786,4103.870967741936,0,4111.935483870968,0,4111.612903225807,0,4115.806451612903,0,4128.709677419355,0,4123.548387096775,0,4091.2903225806454,0,4120.967741935484,0,4136.129032258064,0,4129.677419354839,0,4145.806451612903,0,4160.645161290323,0,4410.0,0,4165.806451612903,0,0,0,?
2018-06-05 19:32:27.572786,4103.870967741936,0,4111.935483870968,0,4111.612903225807,0,4115.806451612903,0,4128.709677419355,0,4123.548387096775,0,4091.2903225806454,0,4120.967741935484,0,4136.129032258064,0,4129.677419354839,0,4145.806451612903,0,4160.645161290323,0,4410.0,0,4165.806451612903,0,0,0,?
2018-06-05 19:32:27.572786,4103.870967741936,0,4111.935483870968,0,4111.612903225807,0,4115.806451612903,0,4128.709677419355,0,4123.548387096775,0,4091.2903225806454,0,4120.967741935484,0,4136.129032258064,0,4129.677419354839,0,4145.806451612903,0,4160.645161290323,0,4410.0,0,4165.806451612903,0,0,0,?
2018-06-05 19:32:27.594786,4103.870967741936,0,4111.935483870968,0,4111.612903225807,0,4115.806451612903,0,4128.709677419355,0,4123.548387096775,0,4091.2903225806454,0,4120.967741935484,0,4136.129032258064,0,4129.677419354839,0,4145.806451612903,0,4160.645161290323,0,4410.0,0,4165.806451612903,0,0,0,?
2018-06-05 19:32:27.594786,4103.870967741936,0,4111.935483870968,0,4111.612903225807,0,4115.806451612903,0,4128.709677419355,0,4123.548387096775,0,4091.2903225806454,0,4120.967741935484,0,4136.129032258064,0,4129.677419354839,0,4145.806451612903,0,4160.645161290323,0,4410.0,0,4165.806451612903,0,0,0,?
2018-06-05 19:32:27.600786,4103.870967741936,0,4111.935483870968,0,4111.612903225807,0,4115.806451612903,0,4128.709677419355,0,4123.548387096775,0,4091.2903225806454,0,4120.967741935484,0,4136.129032258064,0,4129.677419354839,0,4145.806451612903,0,4160.645161290323,0,4410.0,0,4165.806451612903,0,0,0,?
2018-06-05 19:32:27.605786,4103.870967741936,0,4111.935483870968,0,4111.612903225807,0,4115.806451612903,0,4128.709677419355,0,4123.548387096775,0,4091.2903225806454,0,4120.967741935484,0,4136.129032258064,0,4129.677419354839,0,4145.806451612903,0,4160.645161290323,0,4410.0,0,4165.806451612903,0,0,0,?
2018-06-05 19:32:27.620786,4103.870967741936,0,4111.935483870968,0,4111.612903225807,0,4115.806451612903,0,4128.709677419355,0,4123.548387096775,0,4091.2903225806454,0,4120.967741935484,0,4136.129032258064,0,4129.677419354839,0,4145.806451612903,0,4160.645161290323,0,4410.0,0,4165.806451612903,0,0,0,?
2018-06-05 19:32:27.620786,4103.870967741936,0,4111.935483870968,0,4111.612903225807,0,4115.806451612903,0,4128.709677419355,0,4123.548387096775,0,4091.2903225806454,0,4120.967741935484,0,4136.129032258064,0,4129.677419354839,0,4145.806451612903,0,4160.645161290323,0,4410.0,0,4165.806451612903,0,0,0,?
2018-06-05 19:32:27.652786,4103.870967741936,0,4111.935483870968,0,4111.612903225807,0,4115.806451612903,0,4128.709677419355,0,4123.548387096775,0,4091.2903225806454,0,4120.967741935484,0,4136.129032258064,0,4129.677419354839,0,4145.806451612903,0,4160.645161290323,0,4410.0,0,4165.806451612903,0,0,0,?
2018-06-05 19:32:27.652786,4103.870967741936,0,4111.935483870968,0,4111.612903225807,0,4115.806451612903,0,4128.709677419355,0,4123.548387096775,0,4091.2903225806454,0,4120.967741935484,0,4136.129032258064,0,4129.677419354839,0,4145.806451612903,0,4160.645161290323,0,4410.0,0,4165.806451612903,0,0,0,?
2018-06-05 19:32:27.652786,4103.870967741936,0,4111.935483870968,0,4111.612903225807,0,4115.806451612903,0,4128.709677419355,0,4123.548387096775,0,4091.2903225806454,0,4120.967741935484,0,4136.129032258064,0,4129.677419354839,0,4145.806451612903,0,4160.645161290323,0,4410.0,0,4165.806451612903,0,0,0,?
2018-06-05 19:32:27.652786,4103.870967741936,0,4111.935483870968,0,4111.612903225807,0,4115.806451612903,0,4128.709677419355,0,4123.548387096775,0,4091.2903225806454,0,4120.967741935484,0,4136.129032258064,0,4129.677419354839,0,4145.806451612903,0,4160.645161290323,0,4410.0,0,4165.806451612903,0,0,0,?
2018-06-05 19:32:27.663786,4103.870967741936,0,4111.935483870968,0,4111.612903225807,0,4115.806451612903,0,4128.709677419355,0,4123.548387096775,0,4091.2903225806454,0,4120.967741935484,0,4136.129032258064,0,4129.677419354839,0,4145.806451612903,0,4160.645161290323,0,4410.0,0,4165.806451612903,0,0,0,?
2018-06-05 19:32:27.678786,4103.870967741936,0,4111.935483870968,0,4111.612903225807,0,4115.806451612903,0,4128.709677419355,0,4123.548387096775,0,4091.2903225806454,0,4120.967741935484,0,4136.129032258064,0,4129.677419354839,0,4145.806451612903,0,4160.645161290323,0,4410.0,0,4165.806451612903,0,0,0,?
2018-06-05 19:32:27.683786,4103.870967741936,0,4111.935483870968,0,4111.612903225807,0,4115.806451612903,0,4128.709677419355,0,4123.548387096775,0,4091.2903225806454,0,4120.967741935484,0,4136.129032258064,0,4129.677419354839,0,4145.806451612903,0,4160.645161290323,0,4410.0,0,4165.806451612903,0,0,0,?
2018-06-05 19:32:27.683786,4103.870967741936,0,4111.935483870968,0,4111.612903225807,0,4115.806451612903,0,4128.709677419355,0,4123.548387096775,0,4091.2903225806454,0,4120.967741935484,0,4136.129032258064,0,4129.677419354839,0,4145.806451612903,0,4160.645161290323,0,4410.0,0,4165.806451612903,0,0,0,?
2018-06-05 19:32:27.699786,4103.870967741936,0,4111.935483870968,0,4111.612903225807,0,4115.806451612903,0,4128.709677419355,0,4123.548387096775,0,4091.2903225806454,0,4120.967741935484,0,4136.129032258064,0,4129.677419354839,0,4145.806451612903,0,4160.645161290323,0,4410.0,0,4165.806451612903,0,0,0,?
2018-06-05 19:32:27.699786,4103.870967741936,0,4111.935483870968,0,4111.612903225807,0,4115.806451612903,0,4128.709677419355,0,4123.548387096775,0,4091.2903225806454,0,4120.967741935484,0,4136.129032258064,0,4129.677419354839,0,4145.806451612903,0,4160.645161290323,0,4410.0,0,4165.806451612903,0,0,0,?
2018-06-05 19:32:27.710786,4103.870967741936,0,4111.935483870968,0,4111.612903225807,0,4115.806451612903,0,4128.709677419355,0,4123.548387096775,0,4091.2903225806454,0,4120.967741935484,0,4136.129032258064,0,4129.677419354839,0,4145.806451612903,0,4160.645161290323,0,4410.0,0,4165.806451612903,0,0,0,?
2018-06-05 19:32:27.721786,4103.870967741936,0,4111.935483870968,0,4111.612903225807,0,4115.806451612903,0,4128.709677419355,0,4123.548387096775,0,4091.2903225806454,0,4120.967741935484,0,4136.129032258064,0,4129.677419354839,0,4145.806451612903,0,4160.645161290323,0,4410.0,0,4165.806451612903,0,0,0,?
2018-06-05 19:32:27.749786,4103.870967741936,0,4111.935483870968,0,4111.612903225807,0,4115.806451612903,0,4128.709677419355,0,4123.548387096775,0,4091.2903225806454,0,4120.967741935484,0,4136.129032258064,0,4129.677419354839,0,4145.806451612903,0,4160.645161290323,0,4410.0,0,4165.806451612903,0,0,0,?
2018-06-05 19:32:27.749786,4103.870967741936,0,4111.935483870968,0,4111.612903225807,0,4115.806451612903,0,4128.709677419355,0,4123.548387096775,0,4091.2903225806454,0,4120.967741935484,0,4136.129032258064,0,4129.677419354839,0,4145.806451612903,0,4160.645161290323,0,4410.0,0,4165.806451612903,0,0,0,?
2018-06-05 19:32:27.749786,4103.870967741936,0,4111.935483870968,0,4111.612903225807,0,4115.806451612903,0,4128.709677419355,0,4123.548387096775,0,4091.2903225806454,0,4120.967741935484,0,4136.129032258064,0,4129.677419354839,0,4145.806451612903,0,4160.645161290323,0,4410.0,0,4165.806451612903,0,0,0,?
2018-06-05 19:32:27.749786,4103.870967741936,0,4111.935483870968,0,4111.612903225807,0,4115.806451612903,0,4128.709677419355,0,4123.548387096775,0,4091.2903225806454,0,4120.967741935484,0,4136.129032258064,0,4129.677419354839,0,4145.806451612903,0,4160.645161290323,0,4410.0,0,4165.806451612903,0,0,0,?
2018-06-05 19:32:27.781786,4103.870967741936,0,4111.935483870968,0,4111.612903225807,0,4115.806451612903,0,4128.709677419355,0,4123.548387096775,0,4091.2903225806454,0,4120.967741935484,0,4136.129032258064,0,4129.677419354839,0,4145.806451612903,0,4160.645161290323,0,4410.0,0,4165.806451612903,0,0,0,?
2018-06-05 19:32:27.781786,4103.870967741936,0,4111.935483870968,0,4111.612903225807,0,4115.806451612903,0,4128.709677419355,0,4123.548387096775,0,4091.2903225806454,0,4120.967741935484,0,4136.129032258064,0,4129.677419354839,0,4145.806451612903,0,4160.645161290323,0,4410.0,0,4165.806451612903,0,0,0,?
2018-06-05 19:32:27.781786,4103.870967741936,0,4111.935483870968,0,4111.612903225807,0,4115.806451612903,0,4128.709677419355,0,4123.548387096775,0,4091.2903225806454,0,4120.967741935484,0,4136.129032258064,0,4129.677419354839,0,4145.806451612903,0,4160.645161290323,0,4410.0,0,4165.806451612903,0,0,0,?
2018-06-05 19:32:27.781786,4103.870967741936,0,4111.935483870968,0,4111.612903225807,0,4115.806451612903,0,4128.709677419355,0,4123.548387096775,0,4091.2903225806454,0,4120.967741935484,0,4136.129032258064,0,4129.677419354839,0,4145.806451612903,0,4160.645161290323,0,4410.0,0,4165.806451612903,0,0,0,?
2018-06-05 19:32:27.801786,4103.870967741936,0,4111.935483870968,0,4111.612903225807,0,4115.806451612903,0,4128.709677419355,0,4123.548387096775,0,4091.2903225806454,0,4120.967741935484,0,4136.129032258064,0,4129.677419354839,0,4145.806451612903,0,4160.645161290323,0,4410.0,0,4165.806451612903,0,0,0,?
2018-06-05 19:32:27.806786,4103.870967741936,0,4111.935483870968,0,4111.612903225807,0,4115.806451612903,0,4128.709677419355,0,4123.548387096775,0,4091.2903225806454,0,4120.967741935484,0,4136.129032258064,0,4129.677419354839,0,4145.806451612903,0,4160.645161290323,0,4410.0,0,4165.806451612903,0,0,0,?
2018-06-05 19:32:27.823786,4103.870967741936,0,4111.935483870968,0,4111.612903225807,0,4115.806451612903,0,4128.709677419355,0,4123.548387096775,0,4091.2903225806454,0,4120.967741935484,0,4136.129032258064,0,4129.677419354839,0,4145.806451612903,0,4160.645161290323,0,4410.0,0,4165.806451612903,0,0,0,?
2018-06-05 19:32:27.838786,4103.870967741936,0,4111.935483870968,0,4111.612903225807,0,4115.806451612903,0,4128.709677419355,0,4123.548387096775,0,4091.2903225806454,0,4120.967741935484,0,4136.129032258064,0,4129.677419354839,0,4145.806451612903,0,4160.645161290323,0,4410.0,0,4165.806451612903,0,0,0,?
2018-06-05 19:32:27.843786,4103.870967741936,0,4111.935483870968,0,4111.612903225807,0,4115.806451612903,0,4128.709677419355,0,4123.548387096775,0,4091.2903225806454,0,4120.967741935484,0,4136.129032258064,0,4129.677419354839,0,4145.806451612903,0,4160.645161290323,0,4410.0,0,4165.806451612903,0,0,0,?
2018-06-05 19:32:27.859786,4103.870967741936,0,4111.935483870968,0,4111.612903225807,0,4115.806451612903,0,4128.709677419355,0,4123.548387096775,0,4091.2903225806454,0,4120.967741935484,0,4136.129032258064,0,4129.677419354839,0,4145.806451612903,0,4160.645161290323,0,4410.0,0,4165.806451612903,0,0,0,?
2018-06-05 19:32:27.870786,4103.870967741936,0,4111.935483870968,0,4111.612903225807,0,4115.806451612903,0,4128.709677419355,0,4123.548387096775,0,4091.2903225806454,0,4120.967741935484,0,4136.129032258064,0,4129.677419354839,0,4145.806451612903,0,4160.645161290323,0,4410.0,0,4165.806451612903,0,0,0,?
2018-06-05 19:32:27.870786,4103.870967741936,0,4111.935483870968,0,4111.612903225807,0,4115.806451612903,0,4128.709677419355,0,4123.548387096775,0,4091.2903225806454,0,4120.967741935484,0,4136.129032258064,0,4129.677419354839,0,4145.806451612903,0,4160.645161290323,0,4410.0,0,4165.806451612903,0,0,0,?
2018-06-05 19:32:27.881786,4103.870967741936,0,4111.935483870968,0,4111.612903225807,0,4115.806451612903,0,4128.709677419355,0,4123.548387096775,0,4091.2903225806454,0,4120.967741935484,0,4136.129032258064,0,4129.677419354839,0,4145.806451612903,0,4160.645161290323,0,4410.0,0,4165.806451612903,0,0,0,?
2018-06-05 19:32:27.881786,4103.870967741936,0,4111.935483870968,0,4111.612903225807,0,4115.806451612903,0,4128.709677419355,0,4123.548387096775,0,4091.2903225806454,0,4120.967741935484,0,4136.129032258064,0,4129.677419354839,0,4145.806451612903,0,4160.645161290323,0,4410.0,0,4165.806451612903,0,0,0,?
2018-06-05 19:32:27.886786,4103.870967741936,0,4111.935483870968,0,4111.612903225807,0,4115.806451612903,0,4128.709677419355,0,4123.548387096775,0,4091.2903225806454,0,4120.967741935484,0,4136.129032258064,0,4129.677419354839,0,4145.806451612903,0,4160.645161290323,0,4410.0,0,4165.806451612903,0,0,0,?
2018-06-05 19:32:27.886786,4103.870967741936,0,4111.935483870968,0,4111.612903225807,0,4115.806451612903,0,4128.709677419355,0,4123.548387096775,0,4091.2903225806454,0,4120.967741935484,0,4136.129032258064,0,4129.677419354839,0,4145.806451612903,0,4160.645161290323,0,4410.0,0,4165.806451612903,0,0,0,?
2018-06-05 19:32:27.886786,4103.870967741936,0,4111.935483870968,0,4111.612903225807,0,4115.806451612903,0,4128.709677419355,0,4123.548387096775,0,4091.2903225806454,0,4120.967741935484,0,4136.129032258064,0,4129.677419354839,0,4145.806451612903,0,4160.645161290323,0,4410.0,0,4165.806451612903,0,0,0,?
2018-06-05 19:32:27.886786,4103.870967741936,0,4111.935483870968,0,4111.612903225807,0,4115.806451612903,0,4128.709677419355,0,4123.548387096775,0,4091.2903225806454,0,4120.967741935484,0,4136.129032258064,0,4129.677419354839,0,4145.806451612903,0,4160.645161290323,0,4410.0,0,4165.806451612903,0,0,0,?
2018-06-05 19:32:27.908786,4103.870967741936,0,4111.935483870968,0,4111.612903225807,0,4115.806451612903,0,4128.709677419355,0,4123.548387096775,0,4091.2903225806454,0,4120.967741935484,0,4136.129032258064,0,4129.677419354839,0,4145.806451612903,0,4160.645161290323,0,4410.0,0,4165.806451612903,0,0,0,?
2018-06-05 19:32:27.908786,4103.870967741936,0,4111.935483870968,0,4111.612903225807,0,4115.806451612903,0,4128.709677419355,0,4123.548387096775,0,4091.2903225806454,0,4120.967741935484,0,4136.129032258064,0,4129.677419354839,0,4145.806451612903,0,4160.645161290323,0,4410.0,0,4165.806451612903,0,0,0,?
2018-06-05 19:32:27.925786,4103.870967741936,0,4111.935483870968,0,4111.612903225807,0,4115.806451612903,0,4128.709677419355,0,4123.548387096775,0,4091.2903225806454,0,4120.967741935484,0,4136.129032258064,0,4129.677419354839,0,4145.806451612903,0,4160.645161290323,0,4410.0,0,4165.806451612903,0,0,0,?
2018-06-05 19:32:27.947786,4103.870967741936,0,4111.935483870968,0,4111.612903225807,0,4115.806451612903,0,4128.709677419355,0,4123.548387096775,0,4091.2903225806454,0,4120.967741935484,0,4136.129032258064,0,4129.677419354839,0,4145.806451612903,0,4160.645161290323,0,4410.0,0,4165.806451612903,0,0,0,?
2018-06-05 19:32:27.947786,4103.870967741936,0,4111.935483870968,0,4111.612903225807,0,4115.806451612903,0,4128.709677419355,0,4123.548387096775,0,4091.2903225806454,0,4120.967741935484,0,4136.129032258064,0,4129.677419354839,0,4145.806451612903,0,4160.645161290323,0,4410.0,0,4165.806451612903,0,0,0,?
2018-06-05 19:32:27.957786,4103.870967741936,0,4111.935483870968,0,4111.612903225807,0,4115.806451612903,0,4128.709677419355,0,4123.548387096775,0,4091.2903225806454,0,4120.967741935484,0,4136.129032258064,0,4129.677419354839,0,4145.806451612903,0,4160.645161290323,0,4410.0,0,4165.806451612903,0,0,0,?
2018-06-05 19:32:27.968786,4103.870967741936,0,4111.935483870968,0,4111.612903225807,0,4115.806451612903,0,4128.709677419355,0,4123.548387096775,0,4091.2903225806454,0,4120.967741935484,0,4136.129032258064,0,4129.677419354839,0,4145.806451612903,0,4160.645161290323,0,4410.0,0,4165.806451612903,0,0,0,?
2018-06-05 19:32:27.968786,4103.870967741936,0,4111.935483870968,0,4111.612903225807,0,4115.806451612903,0,4128.709677419355,0,4123.548387096775,0,4091.2903225806454,0,4120.967741935484,0,4136.129032258064,0,4129.677419354839,0,4145.806451612903,0,4160.645161290323,0,4410.0,0,4165.806451612903,0,0,0,?
2018-06-05 19:32:27.973786,4103.870967741936,0,4111.935483870968,0,4111.612903225807,0,4115.806451612903,0,4128.709677419355,0,4123.548387096775,0,4091.2903225806454,0,4120.967741935484,0,4136.129032258064,0,4129.677419354839,0,4145.806451612903,0,4160.645161290323,0,4410.0,0,4165.806451612903,0,0,0,?
2018-06-05 19:32:27.973786,4103.870967741936,0,4111.935483870968,0,4111.612903225807,0,4115.806451612903,0,4128.709677419355,0,4123.548387096775,0,4091.2903225806454,0,4120.967741935484,0,4136.129032258064,0,4129.677419354839,0,4145.806451612903,0,4160.645161290323,0,4410.0,0,4165.806451612903,0,0,0,?
2018-06-05 19:32:27.973786,4103.870967741936,0,4111.935483870968,0,4111.612903225807,0,4115.806451612903,0,4128.709677419355,0,4123.548387096775,0,4091.2903225806454,0,4120.967741935484,0,4136.129032258064,0,4129.677419354839,0,4145.806451612903,0,4160.645161290323,0,4410.0,0,4165.806451612903,0,0,0,?
2018-06-05 19:32:27.989786,4103.870967741936,0,4111.935483870968,0,4111.612903225807,0,4115.806451612903,0,4128.709677419355,0,4123.548387096775,0,4091.2903225806454,0,4120.967741935484,0,4136.129032258064,0,4129.677419354839,0,4145.806451612903,0,4160.645161290323,0,4410.0,0,4165.806451612903,0,0,0,?
2018-06-05 19:32:27.994786,4103.870967741936,0,4111.935483870968,0,4111.612903225807,0,4115.806451612903,0,4128.709677419355,0,4123.548387096775,0,4091.2903225806454,0,4120.967741935484,0,4136.129032258064,0,4129.677419354839,0,4145.806451612903,0,4160.645161290323,0,4410.0,0,4165.806451612903,0,0,0,?
2018-06-05 19:32:28.010786,4103.870967741936,0,4111.935483870968,0,4111.612903225807,0,4115.806451612903,0,4128.709677419355,0,4123.548387096775,0,4091.2903225806454,0,4120.967741935484,0,4136.129032258064,0,4129.677419354839,0,4145.806451612903,0,4160.645161290323,0,4410.0,0,4165.806451612903,0,0,0,?
2018-06-05 19:32:28.010786,4103.870967741936,0,4111.935483870968,0,4111.612903225807,0,4115.806451612903,0,4128.709677419355,0,4123.548387096775,0,4091.2903225806454,0,4120.967741935484,0,4136.129032258064,0,4129.677419354839,0,4145.806451612903,0,4160.645161290323,0,4410.0,0,4165.806451612903,0,0,0,?
2018-06-05 19:32:28.027786,4103.870967741936,0,4111.935483870968,0,4111.612903225807,0,4115.806451612903,0,4128.709677419355,0,4123.548387096775,0,4091.2903225806454,0,4120.967741935484,0,4136.129032258064,0,4129.677419354839,0,4145.806451612903,0,4160.645161290323,0,4410.0,0,4165.806451612903,0,0,0,?
2018-06-05 19:32:28.027786,4103.870967741936,0,4111.935483870968,0,4111.612903225807,0,4115.806451612903,0,4128.709677419355,0,4123.548387096775,0,4091.2903225806454,0,4120.967741935484,0,4136.129032258064,0,4129.677419354839,0,4145.806451612903,0,4160.645161290323,0,4410.0,0,4165.806451612903,0,0,0,?
2018-06-05 19:32:28.032786,4103.870967741936,0,4111.935483870968,0,4111.612903225807,0,4115.806451612903,0,4128.709677419355,0,4123.548387096775,0,4091.2903225806454,0,4120.967741935484,0,4136.129032258064,0,4129.677419354839,0,4145.806451612903,0,4160.645161290323,0,4410.0,0,4165.806451612903,0,0,0,?
2018-06-05 19:32:28.038786,4103.870967741936,0,4111.935483870968,0,4111.612903225807,0,4115.806451612903,0,4128.709677419355,0,4123.548387096775,0,4091.2903225806454,0,4120.967741935484,0,4136.129032258064,0,4129.677419354839,0,4145.806451612903,0,4160.645161290323,0,4410.0,0,4165.806451612903,0,0,0,?
2018-06-05 19:32:28.058786,4103.870967741936,0,4111.935483870968,0,4111.612903225807,0,4115.806451612903,0,4128.709677419355,0,4123.548387096775,0,4091.2903225806454,0,4120.967741935484,0,4136.129032258064,0,4129.677419354839,0,4145.806451612903,0,4160.645161290323,0,4410.0,0,4165.806451612903,0,0,0,?
2018-06-05 19:32:28.058786,4103.870967741936,0,4111.935483870968,0,4111.612903225807,0,4115.806451612903,0,4128.709677419355,0,4123.548387096775,0,4091.2903225806454,0,4120.967741935484,0,4136.129032258064,0,4129.677419354839,0,4145.806451612903,0,4160.645161290323,0,4410.0,0,4165.806451612903,0,0,0,?
2018-06-05 19:32:28.078786,4103.870967741936,0,4111.935483870968,0,4111.612903225807,0,4115.806451612903,0,4128.709677419355,0,4123.548387096775,0,4091.2903225806454,0,4120.967741935484,0,4136.129032258064,0,4129.677419354839,0,4145.806451612903,0,4160.645161290323,0,4410.0,0,4165.806451612903,0,0,0,?
2018-06-05 19:32:28.109786,4103.870967741936,0,4111.935483870968,0,4111.612903225807,0,4115.806451612903,0,4128.709677419355,0,4123.548387096775,0,4091.2903225806454,0,4120.967741935484,0,4136.129032258064,0,4129.677419354839,0,4145.806451612903,0,4160.645161290323,0,4410.0,0,4165.806451612903,0,0,0,?
2018-06-05 19:32:28.109786,4103.870967741936,0,4111.935483870968,0,4111.612903225807,0,4115.806451612903,0,4128.709677419355,0,4123.548387096775,0,4091.2903225806454,0,4120.967741935484,0,4136.129032258064,0,4129.677419354839,0,4145.806451612903,0,4160.645161290323,0,4410.0,0,4165.806451612903,0,0,0,?
2018-06-05 19:32:28.109786,4103.870967741936,0,4111.935483870968,0,4111.612903225807,0,4115.806451612903,0,4128.709677419355,0,4123.548387096775,0,4091.2903225806454,0,4120.967741935484,0,4136.129032258064,0,4129.677419354839,0,4145.806451612903,0,4160.645161290323,0,4410.0,0,4165.806451612903,0,0,0,?
2018-06-05 19:32:28.109786,4103.870967741936,0,4111.935483870968,0,4111.612903225807,0,4115.806451612903,0,4128.709677419355,0,4123.548387096775,0,4091.2903225806454,0,4120.967741935484,0,4136.129032258064,0,4129.677419354839,0,4145.806451612903,0,4160.645161290323,0,4410.0,0,4165.806451612903,0,0,0,?
2018-06-05 19:32:28.109786,4103.870967741936,0,4111.935483870968,0,4111.612903225807,0,4115.806451612903,0,4128.709677419355,0,4123.548387096775,0,4091.2903225806454,0,4120.967741935484,0,4136.129032258064,0,4129.677419354839,0,4145.806451612903,0,4160.645161290323,0,4410.0,0,4165.806451612903,0,0,0,?
2018-06-05 19:32:28.124786,4103.870967741936,0,4111.935483870968,0,4111.612903225807,0,4115.806451612903,0,4128.709677419355,0,4123.548387096775,0,4091.2903225806454,0,4120.967741935484,0,4136.129032258064,0,4129.677419354839,0,4145.806451612903,0,4160.645161290323,0,4410.0,0,4165.806451612903,0,0,0,?
2018-06-05 19:32:28.125786,4103.870967741936,0,4111.935483870968,0,4111.612903225807,0,4115.806451612903,0,4128.709677419355,0,4123.548387096775,0,4091.2903225806454,0,4120.967741935484,0,4136.129032258064,0,4129.677419354839,0,4145.806451612903,0,4160.645161290323,0,4410.0,0,4165.806451612903,0,0,0,?
2018-06-05 19:32:28.125786,4103.870967741936,0,4111.935483870968,0,4111.612903225807,0,4115.806451612903,0,4128.709677419355,0,4123.548387096775,0,4091.2903225806454,0,4120.967741935484,0,4136.129032258064,0,4129.677419354839,0,4145.806451612903,0,4160.645161290323,0,4410.0,0,4165.806451612903,0,0,0,?
2018-06-05 19:32:28.161786,4103.870967741936,0,4111.935483870968,0,4111.612903225807,0,4115.806451612903,0,4128.709677419355,0,4123.548387096775,0,4091.2903225806454,0,4120.967741935484,0,4136.129032258064,0,4129.677419354839,0,4145.806451612903,0,4160.645161290323,0,4410.0,0,4165.806451612903,0,0,0,?
2018-06-05 19:32:28.161786,4103.870967741936,0,4111.935483870968,0,4111.612903225807,0,4115.806451612903,0,4128.709677419355,0,4123.548387096775,0,4091.2903225806454,0,4120.967741935484,0,4136.129032258064,0,4129.677419354839,0,4145.806451612903,0,4160.645161290323,0,4410.0,0,4165.806451612903,0,0,0,?
2018-06-05 19:32:28.171786,4103.870967741936,0,4111.935483870968,0,4111.612903225807,0,4115.806451612903,0,4128.709677419355,0,4123.548387096775,0,4091.2903225806454,0,4120.967741935484,0,4136.129032258064,0,4129.677419354839,0,4145.806451612903,0,4160.645161290323,0,4410.0,0,4165.806451612903,0,0,0,?
2018-06-05 19:32:28.171786,4103.870967741936,0,4111.935483870968,0,4111.612903225807,0,4115.806451612903,0,4128.709677419355,0,4123.548387096775,0,4091.2903225806454,0,4120.967741935484,0,4136.129032258064,0,4129.677419354839,0,4145.806451612903,0,4160.645161290323,0,4410.0,0,4165.806451612903,0,0,0,?
2018-06-05 19:32:28.192786,4103.870967741936,0,4111.935483870968,0,4111.612903225807,0,4115.806451612903,0,4128.709677419355,0,4123.548387096775,0,4091.2903225806454,0,4120.967741935484,0,4136.129032258064,0,4129.677419354839,0,4145.806451612903,0,4160.645161290323,0,4410.0,0,4165.806451612903,0,0,0,?
2018-06-05 19:32:28.192786,4103.870967741936,0,4111.935483870968,0,4111.612903225807,0,4115.806451612903,0,4128.709677419355,0,4123.548387096775,0,4091.2903225806454,0,4120.967741935484,0,4136.129032258064,0,4129.677419354839,0,4145.806451612903,0,4160.645161290323,0,4410.0,0,4165.806451612903,0,0,0,?
2018-06-05 19:32:28.192786,4103.870967741936,0,4111.935483870968,0,4111.612903225807,0,4115.806451612903,0,4128.709677419355,0,4123.548387096775,0,4091.2903225806454,0,4120.967741935484,0,4136.129032258064,0,4129.677419354839,0,4145.806451612903,0,4160.645161290323,0,4410.0,0,4165.806451612903,0,0,0,?
2018-06-05 19:32:28.204786,4103.870967741936,0,4111.935483870968,0,4111.612903225807,0,4115.806451612903,0,4128.709677419355,0,4123.548387096775,0,4091.2903225806454,0,4120.967741935484,0,4136.129032258064,0,4129.677419354839,0,4145.806451612903,0,4160.645161290323,0,4410.0,0,4165.806451612903,0,0,0,?
2018-06-05 19:32:28.204786,4103.870967741936,0,4111.935483870968,0,4111.612903225807,0,4115.806451612903,0,4128.709677419355,0,4123.548387096775,0,4091.2903225806454,0,4120.967741935484,0,4136.129032258064,0,4129.677419354839,0,4145.806451612903,0,4160.645161290323,0,4410.0,0,4165.806451612903,0,0,0,?
2018-06-05 19:32:28.214786,4103.870967741936,0,4111.935483870968,0,4111.612903225807,0,4115.806451612903,0,4128.709677419355,0,4123.548387096775,0,4091.2903225806454,0,4120.967741935484,0,4136.129032258064,0,4129.677419354839,0,4145.806451612903,0,4160.645161290323,0,4410.0,0,4165.806451612903,0,0,0,?
2018-06-05 19:32:28.215786,4103.870967741936,0,4111.935483870968,0,4111.612903225807,0,4115.806451612903,0,4128.709677419355,0,4123.548387096775,0,4091.2903225806454,0,4120.967741935484,0,4136.129032258064,0,4129.677419354839,0,4145.806451612903,0,4160.645161290323,0,4410.0,0,4165.806451612903,0,0,0,?
2018-06-05 19:32:28.226786,4103.870967741936,0,4111.935483870968,0,4111.612903225807,0,4115.806451612903,0,4128.709677419355,0,4123.548387096775,0,4091.2903225806454,0,4120.967741935484,0,4136.129032258064,0,4129.677419354839,0,4145.806451612903,0,4160.645161290323,0,4410.0,0,4165.806451612903,0,0,0,?
2018-06-05 19:32:28.247786,4103.870967741936,0,4111.935483870968,0,4111.612903225807,0,4115.806451612903,0,4128.709677419355,0,4123.548387096775,0,4091.2903225806454,0,4120.967741935484,0,4136.129032258064,0,4129.677419354839,0,4145.806451612903,0,4160.645161290323,0,4410.0,0,4165.806451612903,0,0,0,?
2018-06-05 19:32:28.247786,4103.870967741936,0,4111.935483870968,0,4111.612903225807,0,4115.806451612903,0,4128.709677419355,0,4123.548387096775,0,4091.2903225806454,0,4120.967741935484,0,4136.129032258064,0,4129.677419354839,0,4145.806451612903,0,4160.645161290323,0,4410.0,0,4165.806451612903,0,0,0,?
2018-06-05 19:32:28.247786,4103.870967741936,0,4111.935483870968,0,4111.612903225807,0,4115.806451612903,0,4128.709677419355,0,4123.548387096775,0,4091.2903225806454,0,4120.967741935484,0,4136.129032258064,0,4129.677419354839,0,4145.806451612903,0,4160.645161290323,0,4410.0,0,4165.806451612903,0,0,0,?
2018-06-05 19:32:28.257786,4103.870967741936,0,4111.935483870968,0,4111.612903225807,0,4115.806451612903,0,4128.709677419355,0,4123.548387096775,0,4091.2903225806454,0,4120.967741935484,0,4136.129032258064,0,4129.677419354839,0,4145.806451612903,0,4160.645161290323,0,4410.0,0,4165.806451612903,0,0,0,?
2018-06-05 19:32:28.257786,4103.870967741936,0,4111.935483870968,0,4111.612903225807,0,4115.806451612903,0,4128.709677419355,0,4123.548387096775,0,4091.2903225806454,0,4120.967741935484,0,4136.129032258064,0,4129.677419354839,0,4145.806451612903,0,4160.645161290323,0,4410.0,0,4165.806451612903,0,0,0,?
2018-06-05 19:32:28.273786,4103.870967741936,0,4111.935483870968,0,4111.612903225807,0,4115.806451612903,0,4128.709677419355,0,4123.548387096775,0,4091.2903225806454,0,4120.967741935484,0,4136.129032258064,0,4129.677419354839,0,4145.806451612903,0,4160.645161290323,0,4410.0,0,4165.806451612903,0,0,0,?
2018-06-05 19:32:28.284786,4103.870967741936,0,4111.935483870968,0,4111.612903225807,0,4115.806451612903,0,4128.709677419355,0,4123.548387096775,0,4091.2903225806454,0,4120.967741935484,0,4136.129032258064,0,4129.677419354839,0,4145.806451612903,0,4160.645161290323,0,4410.0,0,4165.806451612903,0,0,0,?
2018-06-05 19:32:28.284786,4103.870967741936,0,4111.935483870968,0,4111.612903225807,0,4115.806451612903,0,4128.709677419355,0,4123.548387096775,0,4091.2903225806454,0,4120.967741935484,0,4136.129032258064,0,4129.677419354839,0,4145.806451612903,0,4160.645161290323,0,4410.0,0,4165.806451612903,0,0,0,?
2018-06-05 19:32:28.296786,4103.870967741936,0,4111.935483870968,0,4111.612903225807,0,4115.806451612903,0,4128.709677419355,0,4123.548387096775,0,4091.2903225806454,0,4120.967741935484,0,4136.129032258064,0,4129.677419354839,0,4145.806451612903,0,4160.645161290323,0,4410.0,0,4165.806451612903,0,0,0,?
2018-06-05 19:32:28.306786,4103.870967741936,0,4111.935483870968,0,4111.612903225807,0,4115.806451612903,0,4128.709677419355,0,4123.548387096775,0,4091.2903225806454,0,4120.967741935484,0,4136.129032258064,0,4129.677419354839,0,4145.806451612903,0,4160.645161290323,0,4410.0,0,4165.806451612903,0,0,0,?
2018-06-05 19:32:28.327786,4103.870967741936,0,4111.935483870968,0,4111.612903225807,0,4115.806451612903,0,4128.709677419355,0,4123.548387096775,0,4091.2903225806454,0,4120.967741935484,0,4136.129032258064,0,4129.677419354839,0,4145.806451612903,0,4160.645161290323,0,4410.0,0,4165.806451612903,0,0,0,?
2018-06-05 19:32:28.327786,4103.870967741936,0,4111.935483870968,0,4111.612903225807,0,4115.806451612903,0,4128.709677419355,0,4123.548387096775,0,4091.2903225806454,0,4120.967741935484,0,4136.129032258064,0,4129.677419354839,0,4145.806451612903,0,4160.645161290323,0,4410.0,0,4165.806451612903,0,0,0,?
2018-06-05 19:32:28.338786,4103.870967741936,0,4111.935483870968,0,4111.612903225807,0,4115.806451612903,0,4128.709677419355,0,4123.548387096775,0,4091.2903225806454,0,4120.967741935484,0,4136.129032258064,0,4129.677419354839,0,4145.806451612903,0,4160.645161290323,0,4410.0,0,4165.806451612903,0,0,0,?
2018-06-05 19:32:28.338786,4103.870967741936,0,4111.935483870968,0,4111.612903225807,0,4115.806451612903,0,4128.709677419355,0,4123.548387096775,0,4091.2903225806454,0,4120.967741935484,0,4136.129032258064,0,4129.677419354839,0,4145.806451612903,0,4160.645161290323,0,4410.0,0,4165.806451612903,0,0,0,?
2018-06-05 19:32:28.338786,4103.870967741936,0,4111.935483870968,0,4111.612903225807,0,4115.806451612903,0,4128.709677419355,0,4123.548387096775,0,4091.2903225806454,0,4120.967741935484,0,4136.129032258064,0,4129.677419354839,0,4145.806451612903,0,4160.645161290323,0,4410.0,0,4165.806451612903,0,0,0,?
2018-06-05 19:32:28.356786,4103.870967741936,0,4111.935483870968,0,4111.612903225807,0,4115.806451612903,0,4128.709677419355,0,4123.548387096775,0,4091.2903225806454,0,4120.967741935484,0,4136.129032258064,0,4129.677419354839,0,4145.806451612903,0,4160.645161290323,0,4410.0,0,4165.806451612903,0,0,0,?
2018-06-05 19:32:28.372786,4103.870967741936,0,4111.935483870968,0,4111.612903225807,0,4115.806451612903,0,4128.709677419355,0,4123.548387096775,0,4091.2903225806454,0,4120.967741935484,0,4136.129032258064,0,4129.677419354839,0,4145.806451612903,0,4160.645161290323,0,4410.0,0,4165.806451612903,0,0,0,?
2018-06-05 19:32:28.378786,4103.870967741936,0,4111.935483870968,0,4111.612903225807,0,4115.806451612903,0,4128.709677419355,0,4123.548387096775,0,4091.2903225806454,0,4120.967741935484,0,4136.129032258064,0,4129.677419354839,0,4145.806451612903,0,4160.645161290323,0,4410.0,0,4165.806451612903,0,0,0,?
2018-06-05 19:32:28.378786,4103.870967741936,0,4111.935483870968,0,4111.612903225807,0,4115.806451612903,0,4128.709677419355,0,4123.548387096775,0,4091.2903225806454,0,4120.967741935484,0,4136.129032258064,0,4129.677419354839,0,4145.806451612903,0,4160.645161290323,0,4410.0,0,4165.806451612903,0,0,0,?
2018-06-05 19:32:28.384786,4103.870967741936,0,4111.935483870968,0,4111.612903225807,0,4115.806451612903,0,4128.709677419355,0,4123.548387096775,0,4091.2903225806454,0,4120.967741935484,0,4136.129032258064,0,4129.677419354839,0,4145.806451612903,0,4160.645161290323,0,4410.0,0,4165.806451612903,0,0,0,?
2018-06-05 19:32:28.384786,4103.870967741936,0,4111.935483870968,0,4111.612903225807,0,4115.806451612903,0,4128.709677419355,0,4123.548387096775,0,4091.2903225806454,0,4120.967741935484,0,4136.129032258064,0,4129.677419354839,0,4145.806451612903,0,4160.645161290323,0,4410.0,0,4165.806451612903,0,0,0,?
2018-06-05 19:32:28.395786,4103.870967741936,0,4111.935483870968,0,4111.612903225807,0,4115.806451612903,0,4128.709677419355,0,4123.548387096775,0,4091.2903225806454,0,4120.967741935484,0,4136.129032258064,0,4129.677419354839,0,4145.806451612903,0,4160.645161290323,0,4410.0,0,4165.806451612903,0,0,0,?
2018-06-05 19:32:28.410786,4103.870967741936,0,4111.935483870968,0,4111.612903225807,0,4115.806451612903,0,4128.709677419355,0,4123.548387096775,0,4091.2903225806454,0,4120.967741935484,0,4136.129032258064,0,4129.677419354839,0,4145.806451612903,0,4160.645161290323,0,4410.0,0,4165.806451612903,0,0,0,?
2018-06-05 19:32:28.420786,4103.870967741936,0,4111.935483870968,0,4111.612903225807,0,4115.806451612903,0,4128.709677419355,0,4123.548387096775,0,4091.2903225806454,0,4120.967741935484,0,4136.129032258064,0,4129.677419354839,0,4145.806451612903,0,4160.645161290323,0,4410.0,0,4165.806451612903,0,0,0,?
2018-06-05 19:32:28.430786,4103.870967741936,0,4111.935483870968,0,4111.612903225807,0,4115.806451612903,0,4128.709677419355,0,4123.548387096775,0,4091.2903225806454,0,4120.967741935484,0,4136.129032258064,0,4129.677419354839,0,4145.806451612903,0,4160.645161290323,0,4410.0,0,4165.806451612903,0,0,0,?
2018-06-05 19:32:28.430786,4103.870967741936,0,4111.935483870968,0,4111.612903225807,0,4115.806451612903,0,4128.709677419355,0,4123.548387096775,0,4091.2903225806454,0,4120.967741935484,0,4136.129032258064,0,4129.677419354839,0,4145.806451612903,0,4160.645161290323,0,4410.0,0,4165.806451612903,0,0,0,?
2018-06-05 19:32:28.445786,4103.870967741936,0,4111.935483870968,0,4111.612903225807,0,4115.806451612903,0,4128.709677419355,0,4123.548387096775,0,4091.2903225806454,0,4120.967741935484,0,4136.129032258064,0,4129.677419354839,0,4145.806451612903,0,4160.645161290323,0,4410.0,0,4165.806451612903,0,0,0,?
2018-06-05 19:32:28.445786,4103.870967741936,0,4111.935483870968,0,4111.612903225807,0,4115.806451612903,0,4128.709677419355,0,4123.548387096775,0,4091.2903225806454,0,4120.967741935484,0,4136.129032258064,0,4129.677419354839,0,4145.806451612903,0,4160.645161290323,0,4410.0,0,4165.806451612903,0,0,0,?
2018-06-05 19:32:28.456786,4103.870967741936,0,4111.935483870968,0,4111.612903225807,0,4115.806451612903,0,4128.709677419355,0,4123.548387096775,0,4091.2903225806454,0,4120.967741935484,0,4136.129032258064,0,4129.677419354839,0,4145.806451612903,0,4160.645161290323,0,4410.0,0,4165.806451612903,0,0,0,?
2018-06-05 19:32:28.456786,4103.870967741936,0,4111.935483870968,0,4111.612903225807,0,4115.806451612903,0,4128.709677419355,0,4123.548387096775,0,4091.2903225806454,0,4120.967741935484,0,4136.129032258064,0,4129.677419354839,0,4145.806451612903,0,4160.645161290323,0,4410.0,0,4165.806451612903,0,0,0,?
2018-06-05 19:32:28.471786,4103.870967741936,0,4111.935483870968,0,4111.612903225807,0,4115.806451612903,0,4128.709677419355,0,4123.548387096775,0,4091.2903225806454,0,4120.967741935484,0,4136.129032258064,0,4129.677419354839,0,4145.806451612903,0,4160.645161290323,0,4410.0,0,4165.806451612903,0,0,0,?
2018-06-05 19:32:28.492786,4103.870967741936,0,4111.935483870968,0,4111.612903225807,0,4115.806451612903,0,4128.709677419355,0,4123.548387096775,0,4091.2903225806454,0,4120.967741935484,0,4136.129032258064,0,4129.677419354839,0,4145.806451612903,0,4160.645161290323,0,4410.0,0,4165.806451612903,0,0,0,?
2018-06-05 19:32:28.497786,4103.870967741936,0,4111.935483870968,0,4111.612903225807,0,4115.806451612903,0,4128.709677419355,0,4123.548387096775,0,4091.2903225806454,0,4120.967741935484,0,4136.129032258064,0,4129.677419354839,0,4145.806451612903,0,4160.645161290323,0,4410.0,0,4165.806451612903,0,0,0,?
2018-06-05 19:32:28.503786,4103.870967741936,0,4111.935483870968,0,4111.612903225807,0,4115.806451612903,0,4128.709677419355,0,4123.548387096775,0,4091.2903225806454,0,4120.967741935484,0,4136.129032258064,0,4129.677419354839,0,4145.806451612903,0,4160.645161290323,0,4410.0,0,4165.806451612903,0,0,0,?
2018-06-05 19:32:28.530786,4103.870967741936,0,4111.935483870968,0,4111.612903225807,0,4115.806451612903,0,4128.709677419355,0,4123.548387096775,0,4091.2903225806454,0,4120.967741935484,0,4136.129032258064,0,4129.677419354839,0,4145.806451612903,0,4160.645161290323,0,4410.0,0,4165.806451612903,0,0,0,?
2018-06-05 19:32:28.530786,4103.870967741936,0,4111.935483870968,0,4111.612903225807,0,4115.806451612903,0,4128.709677419355,0,4123.548387096775,0,4091.2903225806454,0,4120.967741935484,0,4136.129032258064,0,4129.677419354839,0,4145.806451612903,0,4160.645161290323,0,4410.0,0,4165.806451612903,0,0,0,?
2018-06-05 19:32:28.530786,4103.870967741936,0,4111.935483870968,0,4111.612903225807,0,4115.806451612903,0,4128.709677419355,0,4123.548387096775,0,4091.2903225806454,0,4120.967741935484,0,4136.129032258064,0,4129.677419354839,0,4145.806451612903,0,4160.645161290323,0,4410.0,0,4165.806451612903,0,0,0,?
2018-06-05 19:32:28.540786,4103.870967741936,0,4111.935483870968,0,4111.612903225807,0,4115.806451612903,0,4128.709677419355,0,4123.548387096775,0,4091.2903225806454,0,4120.967741935484,0,4136.129032258064,0,4129.677419354839,0,4145.806451612903,0,4160.645161290323,0,4410.0,0,4165.806451612903,0,0,0,?
2018-06-05 19:32:28.540786,4103.870967741936,0,4111.935483870968,0,4111.612903225807,0,4115.806451612903,0,4128.709677419355,0,4123.548387096775,0,4091.2903225806454,0,4120.967741935484,0,4136.129032258064,0,4129.677419354839,0,4145.806451612903,0,4160.645161290323,0,4410.0,0,4165.806451612903,0,0,0,?
2018-06-05 19:32:28.540786,4103.870967741936,0,4111.935483870968,0,4111.612903225807,0,4115.806451612903,0,4128.709677419355,0,4123.548387096775,0,4091.2903225806454,0,4120.967741935484,0,4136.129032258064,0,4129.677419354839,0,4145.806451612903,0,4160.645161290323,0,4410.0,0,4165.806451612903,0,0,0,?
2018-06-05 19:32:28.545786,4103.870967741936,0,4111.935483870968,0,4111.612903225807,0,4115.806451612903,0,4128.709677419355,0,4123.548387096775,0,4091.2903225806454,0,4120.967741935484,0,4136.129032258064,0,4129.677419354839,0,4145.806451612903,0,4160.645161290323,0,4410.0,0,4165.806451612903,0,0,0,?
2018-06-05 19:32:28.551786,4103.870967741936,0,4111.935483870968,0,4111.612903225807,0,4115.806451612903,0,4128.709677419355,0,4123.548387096775,0,4091.2903225806454,0,4120.967741935484,0,4136.129032258064,0,4129.677419354839,0,4145.806451612903,0,4160.645161290323,0,4410.0,0,4165.806451612903,0,0,0,?
2018-06-05 19:32:28.561786,4103.870967741936,0,4111.935483870968,0,4111.612903225807,0,4115.806451612903,0,4128.709677419355,0,4123.548387096775,0,4091.2903225806454,0,4120.967741935484,0,4136.129032258064,0,4129.677419354839,0,4145.806451612903,0,4160.645161290323,0,4410.0,0,4165.806451612903,0,0,0,?
2018-06-05 19:32:28.581786,4103.870967741936,0,4111.935483870968,0,4111.612903225807,0,4115.806451612903,0,4128.709677419355,0,4123.548387096775,0,4091.2903225806454,0,4120.967741935484,0,4136.129032258064,0,4129.677419354839,0,4145.806451612903,0,4160.645161290323,0,4410.0,0,4165.806451612903,0,0,0,?
2018-06-05 19:32:28.581786,4103.870967741936,0,4111.935483870968,0,4111.612903225807,0,4115.806451612903,0,4128.709677419355,0,4123.548387096775,0,4091.2903225806454,0,4120.967741935484,0,4136.129032258064,0,4129.677419354839,0,4145.806451612903,0,4160.645161290323,0,4410.0,0,4165.806451612903,0,0,0,?
2018-06-05 19:32:28.581786,4103.870967741936,0,4111.935483870968,0,4111.612903225807,0,4115.806451612903,0,4128.709677419355,0,4123.548387096775,0,4091.2903225806454,0,4120.967741935484,0,4136.129032258064,0,4129.677419354839,0,4145.806451612903,0,4160.645161290323,0,4410.0,0,4165.806451612903,0,0,0,?
2018-06-05 19:32:28.603786,4103.870967741936,0,4111.935483870968,0,4111.612903225807,0,4115.806451612903,0,4128.709677419355,0,4123.548387096775,0,4091.2903225806454,0,4120.967741935484,0,4136.129032258064,0,4129.677419354839,0,4145.806451612903,0,4160.645161290323,0,4410.0,0,4165.806451612903,0,0,0,?
2018-06-05 19:32:28.603786,4103.870967741936,0,4111.935483870968,0,4111.612903225807,0,4115.806451612903,0,4128.709677419355,0,4123.548387096775,0,4091.2903225806454,0,4120.967741935484,0,4136.129032258064,0,4129.677419354839,0,4145.806451612903,0,4160.645161290323,0,4410.0,0,4165.806451612903,0,0,0,?
2018-06-05 19:32:28.613786,4103.870967741936,0,4111.935483870968,0,4111.612903225807,0,4115.806451612903,0,4128.709677419355,0,4123.548387096775,0,4091.2903225806454,0,4120.967741935484,0,4136.129032258064,0,4129.677419354839,0,4145.806451612903,0,4160.645161290323,0,4410.0,0,4165.806451612903,0,0,0,?
2018-06-05 19:32:28.618786,4103.870967741936,0,4111.935483870968,0,4111.612903225807,0,4115.806451612903,0,4128.709677419355,0,4123.548387096775,0,4091.2903225806454,0,4120.967741935484,0,4136.129032258064,0,4129.677419354839,0,4145.806451612903,0,4160.645161290323,0,4410.0,0,4165.806451612903,0,0,0,?
2018-06-05 19:32:28.623786,4103.870967741936,0,4111.935483870968,0,4111.612903225807,0,4115.806451612903,0,4128.709677419355,0,4123.548387096775,0,4091.2903225806454,0,4120.967741935484,0,4136.129032258064,0,4129.677419354839,0,4145.806451612903,0,4160.645161290323,0,4410.0,0,4165.806451612903,0,0,0,?
2018-06-05 19:32:28.633786,4103.870967741936,0,4111.935483870968,0,4111.612903225807,0,4115.806451612903,0,4128.709677419355,0,4123.548387096775,0,4091.2903225806454,0,4120.967741935484,0,4136.129032258064,0,4129.677419354839,0,4145.806451612903,0,4160.645161290323,0,4410.0,0,4165.806451612903,0,0,0,?
2018-06-05 19:32:28.644786,4103.870967741936,0,4111.935483870968,0,4111.612903225807,0,4115.806451612903,0,4128.709677419355,0,4123.548387096775,0,4091.2903225806454,0,4120.967741935484,0,4136.129032258064,0,4129.677419354839,0,4145.806451612903,0,4160.645161290323,0,4410.0,0,4165.806451612903,0,0,0,?
2018-06-05 19:32:28.655786,4103.870967741936,0,4111.935483870968,0,4111.612903225807,0,4115.806451612903,0,4128.709677419355,0,4123.548387096775,0,4091.2903225806454,0,4120.967741935484,0,4136.129032258064,0,4129.677419354839,0,4145.806451612903,0,4160.645161290323,0,4410.0,0,4165.806451612903,0,0,0,?
2018-06-05 19:32:28.665786,4103.870967741936,0,4111.935483870968,0,4111.612903225807,0,4115.806451612903,0,4128.709677419355,0,4123.548387096775,0,4091.2903225806454,0,4120.967741935484,0,4136.129032258064,0,4129.677419354839,0,4145.806451612903,0,4160.645161290323,0,4410.0,0,4165.806451612903,0,0,0,?
2018-06-05 19:32:28.665786,4103.870967741936,0,4111.935483870968,0,4111.612903225807,0,4115.806451612903,0,4128.709677419355,0,4123.548387096775,0,4091.2903225806454,0,4120.967741935484,0,4136.129032258064,0,4129.677419354839,0,4145.806451612903,0,4160.645161290323,0,4410.0,0,4165.806451612903,0,0,0,?
2018-06-05 19:32:28.685786,4103.870967741936,0,4111.935483870968,0,4111.612903225807,0,4115.806451612903,0,4128.709677419355,0,4123.548387096775,0,4091.2903225806454,0,4120.967741935484,0,4136.129032258064,0,4129.677419354839,0,4145.806451612903,0,4160.645161290323,0,4410.0,0,4165.806451612903,0,0,0,?
2018-06-05 19:32:28.685786,4103.870967741936,0,4111.935483870968,0,4111.612903225807,0,4115.806451612903,0,4128.709677419355,0,4123.548387096775,0,4091.2903225806454,0,4120.967741935484,0,4136.129032258064,0,4129.677419354839,0,4145.806451612903,0,4160.645161290323,0,4410.0,0,4165.806451612903,0,0,0,?
2018-06-05 19:32:28.685786,4103.870967741936,0,4111.935483870968,0,4111.612903225807,0,4115.806451612903,0,4128.709677419355,0,4123.548387096775,0,4091.2903225806454,0,4120.967741935484,0,4136.129032258064,0,4129.677419354839,0,4145.806451612903,0,4160.645161290323,0,4410.0,0,4165.806451612903,0,0,0,?
2018-06-05 19:32:28.702786,4103.870967741936,0,4111.935483870968,0,4111.612903225807,0,4115.806451612903,0,4128.709677419355,0,4123.548387096775,0,4091.2903225806454,0,4120.967741935484,0,4136.129032258064,0,4129.677419354839,0,4145.806451612903,0,4160.645161290323,0,4410.0,0,4165.806451612903,0,0,0,?
2018-06-05 19:32:28.702786,4103.870967741936,0,4111.935483870968,0,4111.612903225807,0,4115.806451612903,0,4128.709677419355,0,4123.548387096775,0,4091.2903225806454,0,4120.967741935484,0,4136.129032258064,0,4129.677419354839,0,4145.806451612903,0,4160.645161290323,0,4410.0,0,4165.806451612903,0,0,0,?
2018-06-05 19:32:28.713786,4103.870967741936,0,4111.935483870968,0,4111.612903225807,0,4115.806451612903,0,4128.709677419355,0,4123.548387096775,0,4091.2903225806454,0,4120.967741935484,0,4136.129032258064,0,4129.677419354839,0,4145.806451612903,0,4160.645161290323,0,4410.0,0,4165.806451612903,0,0,0,?
2018-06-05 19:32:28.713786,4103.870967741936,0,4111.935483870968,0,4111.612903225807,0,4115.806451612903,0,4128.709677419355,0,4123.548387096775,0,4091.2903225806454,0,4120.967741935484,0,4136.129032258064,0,4129.677419354839,0,4145.806451612903,0,4160.645161290323,0,4410.0,0,4165.806451612903,0,0,0,?
2018-06-05 19:32:28.724786,4103.870967741936,0,4111.935483870968,0,4111.612903225807,0,4115.806451612903,0,4128.709677419355,0,4123.548387096775,0,4091.2903225806454,0,4120.967741935484,0,4136.129032258064,0,4129.677419354839,0,4145.806451612903,0,4160.645161290323,0,4410.0,0,4165.806451612903,0,0,0,?
2018-06-05 19:32:28.729786,4103.870967741936,0,4111.935483870968,0,4111.612903225807,0,4115.806451612903,0,4128.709677419355,0,4123.548387096775,0,4091.2903225806454,0,4120.967741935484,0,4136.129032258064,0,4129.677419354839,0,4145.806451612903,0,4160.645161290323,0,4410.0,0,4165.806451612903,0,0,0,?
2018-06-05 19:32:28.740786,4103.870967741936,0,4111.935483870968,0,4111.612903225807,0,4115.806451612903,0,4128.709677419355,0,4123.548387096775,0,4091.2903225806454,0,4120.967741935484,0,4136.129032258064,0,4129.677419354839,0,4145.806451612903,0,4160.645161290323,0,4410.0,0,4165.806451612903,0,0,0,?
2018-06-05 19:32:28.756786,4103.870967741936,0,4111.935483870968,0,4111.612903225807,0,4115.806451612903,0,4128.709677419355,0,4123.548387096775,0,4091.2903225806454,0,4120.967741935484,0,4136.129032258064,0,4129.677419354839,0,4145.806451612903,0,4160.645161290323,0,4410.0,0,4165.806451612903,0,0,0,?
2018-06-05 19:32:28.761786,4103.870967741936,0,4111.935483870968,0,4111.612903225807,0,4115.806451612903,0,4128.709677419355,0,4123.548387096775,0,4091.2903225806454,0,4120.967741935484,0,4136.129032258064,0,4129.677419354839,0,4145.806451612903,0,4160.645161290323,0,4410.0,0,4165.806451612903,0,0,0,?
2018-06-05 19:32:28.761786,4103.870967741936,0,4111.935483870968,0,4111.612903225807,0,4115.806451612903,0,4128.709677419355,0,4123.548387096775,0,4091.2903225806454,0,4120.967741935484,0,4136.129032258064,0,4129.677419354839,0,4145.806451612903,0,4160.645161290323,0,4410.0,0,4165.806451612903,0,0,0,?
2018-06-05 19:32:28.777786,4103.870967741936,0,4111.935483870968,0,4111.612903225807,0,4115.806451612903,0,4128.709677419355,0,4123.548387096775,0,4091.2903225806454,0,4120.967741935484,0,4136.129032258064,0,4129.677419354839,0,4145.806451612903,0,4160.645161290323,0,4410.0,0,4165.806451612903,0,0,0,?
2018-06-05 19:32:28.783786,4103.870967741936,0,4111.935483870968,0,4111.612903225807,0,4115.806451612903,0,4128.709677419355,0,4123.548387096775,0,4091.2903225806454,0,4120.967741935484,0,4136.129032258064,0,4129.677419354839,0,4145.806451612903,0,4160.645161290323,0,4410.0,0,4165.806451612903,0,0,0,?
2018-06-05 19:32:28.799786,4103.870967741936,0,4111.935483870968,0,4111.612903225807,0,4115.806451612903,0,4128.709677419355,0,4123.548387096775,0,4091.2903225806454,0,4120.967741935484,0,4136.129032258064,0,4129.677419354839,0,4145.806451612903,0,4160.645161290323,0,4410.0,0,4165.806451612903,0,0,0,?
2018-06-05 19:32:28.799786,4103.870967741936,0,4111.935483870968,0,4111.612903225807,0,4115.806451612903,0,4128.709677419355,0,4123.548387096775,0,4091.2903225806454,0,4120.967741935484,0,4136.129032258064,0,4129.677419354839,0,4145.806451612903,0,4160.645161290323,0,4410.0,0,4165.806451612903,0,0,0,?
2018-06-05 19:32:28.809786,4103.870967741936,0,4111.935483870968,0,4111.612903225807,0,4115.806451612903,0,4128.709677419355,0,4123.548387096775,0,4091.2903225806454,0,4120.967741935484,0,4136.129032258064,0,4129.677419354839,0,4145.806451612903,0,4160.645161290323,0,4410.0,0,4165.806451612903,0,0,0,?
2018-06-05 19:32:28.814786,4103.870967741936,0,4111.935483870968,0,4111.612903225807,0,4115.806451612903,0,4128.709677419355,0,4123.548387096775,0,4091.2903225806454,0,4120.967741935484,0,4136.129032258064,0,4129.677419354839,0,4145.806451612903,0,4160.645161290323,0,4410.0,0,4165.806451612903,0,0,0,?
2018-06-05 19:32:28.825786,4103.870967741936,0,4111.935483870968,0,4111.612903225807,0,4115.806451612903,0,4128.709677419355,0,4123.548387096775,0,4091.2903225806454,0,4120.967741935484,0,4136.129032258064,0,4129.677419354839,0,4145.806451612903,0,4160.645161290323,0,4410.0,0,4165.806451612903,0,0,0,?
2018-06-05 19:32:28.825786,4103.870967741936,0,4111.935483870968,0,4111.612903225807,0,4115.806451612903,0,4128.709677419355,0,4123.548387096775,0,4091.2903225806454,0,4120.967741935484,0,4136.129032258064,0,4129.677419354839,0,4145.806451612903,0,4160.645161290323,0,4410.0,0,4165.806451612903,0,0,0,?
2018-06-05 19:32:28.840786,4103.870967741936,0,4111.935483870968,0,4111.612903225807,0,4115.806451612903,0,4128.709677419355,0,4123.548387096775,0,4091.2903225806454,0,4120.967741935484,0,4136.129032258064,0,4129.677419354839,0,4145.806451612903,0,4160.645161290323,0,4410.0,0,4165.806451612903,0,0,0,?
2018-06-05 19:32:28.857786,4103.870967741936,0,4111.935483870968,0,4111.612903225807,0,4115.806451612903,0,4128.709677419355,0,4123.548387096775,0,4091.2903225806454,0,4120.967741935484,0,4136.129032258064,0,4129.677419354839,0,4145.806451612903,0,4160.645161290323,0,4410.0,0,4165.806451612903,0,0,0,?
2018-06-05 19:32:28.857786,4103.870967741936,0,4111.935483870968,0,4111.612903225807,0,4115.806451612903,0,4128.709677419355,0,4123.548387096775,0,4091.2903225806454,0,4120.967741935484,0,4136.129032258064,0,4129.677419354839,0,4145.806451612903,0,4160.645161290323,0,4410.0,0,4165.806451612903,0,0,0,?
2018-06-05 19:32:28.878786,4103.870967741936,0,4111.935483870968,0,4111.612903225807,0,4115.806451612903,0,4128.709677419355,0,4123.548387096775,0,4091.2903225806454,0,4120.967741935484,0,4136.129032258064,0,4129.677419354839,0,4145.806451612903,0,4160.645161290323,0,4410.0,0,4165.806451612903,0,0,0,?
2018-06-05 19:32:28.878786,4103.870967741936,0,4111.935483870968,0,4111.612903225807,0,4115.806451612903,0,4128.709677419355,0,4123.548387096775,0,4091.2903225806454,0,4120.967741935484,0,4136.129032258064,0,4129.677419354839,0,4145.806451612903,0,4160.645161290323,0,4410.0,0,4165.806451612903,0,0,0,?
2018-06-05 19:32:28.878786,4103.870967741936,0,4111.935483870968,0,4111.612903225807,0,4115.806451612903,0,4128.709677419355,0,4123.548387096775,0,4091.2903225806454,0,4120.967741935484,0,4136.129032258064,0,4129.677419354839,0,4145.806451612903,0,4160.645161290323,0,4410.0,0,4165.806451612903,0,0,0,?
2018-06-05 19:32:28.893786,4103.870967741936,0,4111.935483870968,0,4111.612903225807,0,4115.806451612903,0,4128.709677419355,0,4123.548387096775,0,4091.2903225806454,0,4120.967741935484,0,4136.129032258064,0,4129.677419354839,0,4145.806451612903,0,4160.645161290323,0,4410.0,0,4165.806451612903,0,0,0,?
2018-06-05 19:32:28.898786,4103.870967741936,0,4111.935483870968,0,4111.612903225807,0,4115.806451612903,0,4128.709677419355,0,4123.548387096775,0,4091.2903225806454,0,4120.967741935484,0,4136.129032258064,0,4129.677419354839,0,4145.806451612903,0,4160.645161290323,0,4410.0,0,4165.806451612903,0,0,0,?
2018-06-05 19:32:28.898786,4103.870967741936,0,4111.935483870968,0,4111.612903225807,0,4115.806451612903,0,4128.709677419355,0,4123.548387096775,0,4091.2903225806454,0,4120.967741935484,0,4136.129032258064,0,4129.677419354839,0,4145.806451612903,0,4160.645161290323,0,4410.0,0,4165.806451612903,0,0,0,?
2018-06-05 19:32:28.913786,4103.870967741936,0,4111.935483870968,0,4111.612903225807,0,4115.806451612903,0,4128.709677419355,0,4123.548387096775,0,4091.2903225806454,0,4120.967741935484,0,4136.129032258064,0,4129.677419354839,0,4145.806451612903,0,4160.645161290323,0,4410.0,0,4165.806451612903,0,0,0,?
2018-06-05 19:32:28.923786,4103.870967741936,0,4111.935483870968,0,4111.612903225807,0,4115.806451612903,0,4128.709677419355,0,4123.548387096775,0,4091.2903225806454,0,4120.967741935484,0,4136.129032258064,0,4129.677419354839,0,4145.806451612903,0,4160.645161290323,0,4410.0,0,4165.806451612903,0,0,0,?
2018-06-05 19:32:28.934786,4103.870967741936,0,4111.935483870968,0,4111.612903225807,0,4115.806451612903,0,4128.709677419355,0,4123.548387096775,0,4091.2903225806454,0,4120.967741935484,0,4136.129032258064,0,4129.677419354839,0,4145.806451612903,0,4160.645161290323,0,4410.0,0,4165.806451612903,0,0,0,?
2018-06-05 19:32:28.939786,4103.870967741936,0,4111.935483870968,0,4111.612903225807,0,4115.806451612903,0,4128.709677419355,0,4123.548387096775,0,4091.2903225806454,0,4120.967741935484,0,4136.129032258064,0,4129.677419354839,0,4145.806451612903,0,4160.645161290323,0,4410.0,0,4165.806451612903,0,0,0,?
2018-06-05 19:32:28.955786,4103.870967741936,0,4111.935483870968,0,4111.612903225807,0,4115.806451612903,0,4128.709677419355,0,4123.548387096775,0,4091.2903225806454,0,4120.967741935484,0,4136.129032258064,0,4129.677419354839,0,4145.806451612903,0,4160.645161290323,0,4410.0,0,4165.806451612903,0,0,0,?
2018-06-05 19:32:28.960786,4103.870967741936,0,4111.935483870968,0,4111.612903225807,0,4115.806451612903,0,4128.709677419355,0,4123.548387096775,0,4091.2903225806454,0,4120.967741935484,0,4136.129032258064,0,4129.677419354839,0,4145.806451612903,0,4160.645161290323,0,4410.0,0,4165.806451612903,0,0,0,?
2018-06-05 19:32:28.988786,4103.870967741936,0,4111.935483870968,0,4111.612903225807,0,4115.806451612903,0,4128.709677419355,0,4123.548387096775,0,4091.2903225806454,0,4120.967741935484,0,4136.129032258064,0,4129.677419354839,0,4145.806451612903,0,4160.645161290323,0,4410.0,0,4165.806451612903,0,0,0,?
2018-06-05 19:32:28.988786,4103.870967741936,0,4111.935483870968,0,4111.612903225807,0,4115.806451612903,0,4128.709677419355,0,4123.548387096775,0,4091.2903225806454,0,4120.967741935484,0,4136.129032258064,0,4129.677419354839,0,4145.806451612903,0,4160.645161290323,0,4410.0,0,4165.806451612903,0,0,0,?
2018-06-05 19:32:29.003786,4103.870967741936,0,4111.935483870968,0,4111.612903225807,0,4115.806451612903,0,4128.709677419355,0,4123.548387096775,0,4091.2903225806454,0,4120.967741935484,0,4136.129032258064,0,4129.677419354839,0,4145.806451612903,0,4160.645161290323,0,4410.0,0,4165.806451612903,0,0,0,?
